0	oh no! Is your grandpa okay?
1	THANKS RICKEY...I THINK I'M LIKING THIS GOAT DAY...LMBO
0	well... it was inevitable tho ..
0	so you'll be out of town on saturday too huh?
1	AMEN! well-you found Him! I didn't know what church was-took my ex beating me-me overdosing 2 numb pain 2 need a SAVE-YOUR
1	much more than we ever can comprehend-& that is all about Him!! one day we will see that!  leaving this all behind-fathom?
0	aweeeee  that sucks. I love Twitter... i don't want it to go away.
0	hello stranger! You had any luck gift shopping? Still no sign of playpen .... Grrr
1	whoop whoop! Then it's officially the weekend  Counting crows tomorrow and leaving the crankpot with Mum WOOHOO!!!
1	my worst game ever! my trainer gave me this look of disgust  excited for the upcoming tourney though
0	aww..  Robbie Williams..
0	+ I have seen it in gyms and used to avoid working out on TV-fitted stations. They gave me a headache
1	Now that's some managerial high-tech jargon!
1	happy birthday schonmal auf diesem wege! more to come
0	*hurt* u didn't say good morning to me
1	AHAH, welcome back! 
1	YEA; I am so glad you're coming to We Wed Brunch & Workshops Ela!  Invite some Ft. Lauderdale peeps & party across the alley
1	cool cool.  Just checkin on ya.
1	 yeah maybe u r right!
0	Stop eating cactus
0	- YES!!  I just haven't been on my PS3 lately   FAIL ON ME!!
0	He had it working, and now it's not again. 
0	nobody should be revising on a day like this! but sadly... these practise papers won't finish themselves
1	The mommies are taking over Twitter  #clothdiapers
0	Okay, not too bad. Got lots of revision still to do  you??
1	:O why? she looks adorable in that picture where u were wearing her awesome sunglasses! btw im editing the pic
0	can you go on skype soon
1	i had three but i blocked them now
1	thanks. i know im clever. OMGG 50 SUBSCRIBERS WOOOT
1	What is? :/  i have no idea, and ive not started the english  its too sunny
1	I fell asleep. :| But whatever, i like the first part.  )
0	hope you feel better  I think everyone gets sick post-thesis, it's your body finally saying "my turn fucker"
1	Thank you! I hope you saw the 2nd one I posted - the 1st won had some wonky color thing happening.
0	your hair color makes you even more RAD than you already were. GOSH. I wish you didn't have to go to high school
0	Time to get up and off to work is 5am.
1	well, maybe ur wife will carry u? I'm sure she's an angel 
0	Yeah, I heard about that too.  Germany is messed up lately.
0	I got pudgy
1	Neon, you can really tell that you three put alot into it. It really clicks for me. Thank you, Blanx and Sarah! 
1	Oh, there's a crazy preacher dude in the Square. 
0	 i feel ya! i can barely see past the scratches on mine
1	Don't you fret, Craig, the naysayers call us the "F Team". 
1	#GoodMorning to you too, and what a fine day it is! 
1	Good luck for your last EVER exam
1	Morning - enjoying the requests  - planning a Surge annual chart show if you are up for contributing in June
1	yah! thats why im still linked to the AOL lady on my home page
0	Wow  That's horrible. If I see any other FMS blogs, I'll DM them to you.
1	Fun. That second one seems to work especially well. Hope there are more.
0	I can't make it tonight  But on the plus side, I think I'm starting my new job tomorrow morning, bright and early!
1	some torture bands? That rocks! Use em on rick when he smuggles the capn
0	hey old man! magic choked
1	Thanks for that, it looks brilliant  Was a fun night last night.
1	 don't worry, your lyrics are safe.   We don't steal music or lyrics...ask our accountant!
1	down to Earth and so personable, she is a wonderful Sis   Caring and loving, wonderful mentor for all
0	hehe..making more competition for myself!  .. I'm going to try to pen something for your cartoon of Mariel & family
1	I agree with you...very brave!!! Still don't have book...want to get it...bday soon and am asking for it
1	I love your cartoons
1	iï¿½ll keep an eye out! meantime enjoy d entertainment value of news mediaï¿½s output. cheers!
1	Just want to take the opportunity to thank you Rick. Shall i just let you know when i have done it? Will u remember me?
0	Link doesn't work
1	Now flashing Green Smile 2 U!  [teeth still not exposed; psst..after dentist's advice]
1	Thank you for the follow
1	Yea, you guys might be on to something. 
0	My Chrome and Firefox refuse to connect to internet today. Some security installed I guess.
1	http://twitpic.com/5j8fn - congratulations Rick, keep up you can do more 
0	all I've gots are Mondays...
1	they look great framed mate, good job 
0	yay to u guys having a great time, so bummed that I didn't make it 
0	Not yet, but I am sure to be there when you're back from your friend's mum's funeral.  
0	for you??? kewl and gang just listened to it there ... ya I had heard it .. go for it ...im in brutal form 2day
1	So sweet of you  I shall tune especially to see me through the afternoon
1	thinks about saying who's a pretty boy then... and thinks better of it...
1	 gracias!! thank you!!
1	Heck yeah they are
0	you always say Raw Rules!, but why? My jpegs are sharper than my raw files even after lightroom 
1	"My hands are tied" I see no ropes
1	Hell yeah. Go for it!
0	I thought the 4th Est is valuable Today CNN reports about a stress clinic 4 our troops in Iraq only b/c of what happened.
0	Ryan ONeil was supposed to wed her they said within days..i wonder if they did  truly a sad day..She was a brave soul
1	That's way too true Rick. Some dumb - others just boring... Tks!
1	Time Mag. should they do a, "thing of the year", stick with humans?, not my job! 
0	wow, see all the unrest in the city streets..yeah, he won FAIRLY...somehow I dont think so 
0	sounds interesting, but the link isn't working for me. Damn you, technology! 
1	probably not. your going really fast, the movies make it seem slower. have fun in NY! your flight will be OK 
1	Oops! I wasn't near my phone most the night. I just sent you a text.
1	Nope!  i got an HP, 16gb of hard drive, full 10" screen, excellent keyboard. 
1	since we share the hate for godaddy, lets try 
0	yeah, unfortunately i don't have lower level access to run an rsync.  would be so much faster.  
1	you offer?
1	Am terminat Informatica la Ovidius Constanta ... mai am licenta. Dupaceea masterat!
0	asta spune un pasionat de OpenSource
1	 no its not sunny outside its the new stadium flood lights I just installed!
1	Ah, thanks 
1	 thanks for the follow friday
0	I think sum ppl think Alz iz just about furgetting where ur keyz is, not furgetting hao to wurk your lungs. Iz awful. 
0	You're a friend of right? Why is his Twitter page gone, and his achievements and avatar gone/blank? 
1	HAVE FUN? omg.  go and get all the pinkishh stuff there
0	aww I want to join you
0	I love it too!! The last time I be there, was in july of 2007. I really want to come back 
0	I'd argue but I was actually going to apologize day-of since I don't have $$ to get you one
1	 did you see Dream 6 I think it was? The rest of the world is hating on the US for valuing pussy take downs now.
1	yea so you see i think germany is the way to go
1	thanks sweets  I really wish I could have made it! Have a great monday!
1	this is mel  lovely to see u tonight. Def call me when those blinds come in.
1	cool  I've had the Strength card set up near my altar for the past week to meditate on.
1	and that's not even half! I'm a HUUGE coldplay fan!! And thanks! U have a great taste in music!!
1	hahahahaha! I miss the "pang-iinsulto moments" hahahahahaha! XD thanks mushu!
0	haha but that's the problem  there's not good music, and they always make BBQ and it's a temptation for me!
0	hello 30stm-fan  another one that's cool. i don't know one fan of them in person only via the net  so how are you?
1	Thanks hun! sorry for the dealy btw.. you're so sweet! love you too
1	yeah! i agree.. i want to see it now! hope the same, in the UK and in Argentina 
1	yup yup! im glad that im apart of this  â†‘ #MARSISCOMING
0	u dont miss me?   btw, imma stop by ure office on mon or tues - oh and put ure stylist cap on, i need tees for the shows!
0	told you I would get into twitter!! Where is my family at the moment not seen or heard from anybody  off to bed night night
1	sounds good
1	hmm, maybe one that is done in a pool then u can walk half way 
1	thanks!  I do the blog to see my progress ~ and I have heard it can keep one accountable
1	Wishing you a great week too
1	yes! I'm with you on that: awesome day ahead
1	haha...  may be.. hehe.. I might have been imported.  but i love the heat... love playing football on a hot day....
0	no, not big boss - my ex-immediate boss! he quit 
0	also the one I'm on now, the card reader isn't working, so cashless means no shopping 
0	shame. due to a technical issue, you are currently unable to process my request  Back to National Express 'mixing deck'...
1	VK's also pure evil to your insides! All that sugar and E numbers! I recommend Corona, nice & light, a personal favourite 
1	 Good Luck!  and My Friday Message is Don't Worry Be a Happy Tweet! - #ecademy http://bit.ly/pNJ3E  ;-)
1	 u'll hav to hear this! u guys lost against NETHERLANDS!  ROFL!
0	what? I haven't eaten any sweets - bloody hell - I'll fucking waste away at this rate *gets on cross trainer*
0	I dont think its out till this evening
1	Thanks, Rich - so funny..I had to share 
1	Great seein u again, & dont let people sway u n your TWEETS...no need 4 gender specifics LOL either way im in good company 
0	I think you are pretty much right on that one.
1	We've been missing you. I had meant to send you a welcome, but haven't seen you around. Hopefully we'll see you soon! 
1	because you saved the frog. I thought I replied to that so it would make sense. so how does twitter work?  gehts abi gut?
1	Woo!  I was getting pissed off, I never actually changed ma pic to a black square xD
1	And so is the funny farm
0	ahwww  -follows you with markers- pleaseee
0	 I haven't touched single player at all really
0	Ah that's a shame
0	Ah, that's a shame Richard  Where did you buy it from? There's a lot of dodgy items around 
0	Gutting isn't. Sonys show tomorrow better be good...
1	no! Will check
1	that will be cool
1	works fine for me  set of to record masters of the universe this afternoon
0	You beat me.............again
0	yeah, it was super intense. i had to turn my head at that part  it was so sad and disgusting. it got alot worse though haha
1	Good stuff  Like your (probably not very) new design as well - is Cud you then?
1	Good to see you on twitter telling us about your JavaFX dreams. You'll fit in real good around here
0	how was red elephant? U enjoy it? Sry I couldn't make it
1	hey, rick! welcome back!... pasend nung yung 3c list... thanks!! 
1	LOL Between Rick, his certain blue eyed friend & Browder... I'm lost. In heaven. No doubt about it.  LOL
1	 hello  its been okies ta....yours?i sent you an email back about shell island and such btw. love you *mwah* xxxx
0	that's right rick haha! Their just making noise playing the wii  did u get ur margirita
0	Telus   I should probably switch one of these days to Rogers...
0	Alas, same can't be said for BookPort, which is obsolete with no hope of resurrection as far as I know. 
0	Doesn't work with Safari 4 either
1	 Looking forward to the weekend.  I can sleep in and catch up on a few things.  Have a nice day Rick
1	You are pathetic.
0	awh thats exciting! i'm jealous ur taking lessons! i used to play...
0	it took me there but no sound.
0	ooh. haha. i would fall for that. im an idiot.
1	I do every august at Frightfest. Love my horror film festivals. The orphanage is a good slow burner
1	 LOL..thanks for the compliments Rick! Have a great day.
0	Video quailty was great last night while they were testing it from their hotel room!  Just a widget in our page   #140conf
1	Aha, thanks. I'll give that a whirl 
0	according to the intarwebs, guidos adopted this at least four years ago 
1	haha thanks cuz   seems like you're in a vicious mood. pound it.
0	I asked already dude  two days ago she said she'd be there to me. Hope u cool neway
0	 really wish I was there!!! So glad you had fun. Definitely called your drunk behind.
1	it sure is still ur bday weekend...  ;) hehehehe
1	that's what's up yo...good luck  lol
1	 "swoon" Anything  RBee , I am all of a quiver 
1	how are you typing so fast!!!! Thanks for ff recommendation
1	LOL you did indeed.Slightly concerned that some of these girls are 4 yrs older!! He's cool with it I have to say
1	Penalties would be a good thing, seen our goalie  and thank you for the stats x
1	use google sites - so easy
0	ha! I've only been a bum for 36 days! And counting
1	put me on the list im coming!!!
0	 I don't eat red meat - where is the chicken?! Hitchin, Herts 
0	Its very close!! Where do you usually work? I want bbq chicken  I have my own sauce in my bag too!
1	I do have a reputation, don't I? Sorry! 
0	 oohh! That makes more sense now! LOL I know eh it's so weird! I can't wait either..it's been so long! lol ima weakling
0	ooo! haha no never left the country
0	 haha apperently so lol
1	"sweet child o' mine" - guns n roses
1	Better converting the wife then exchanging for a new wife with Vista pre-installed
0	i wanna hang out with the all mighty rickyterror
0	I was sad to find that movie in the bargain walmart bin  did you piss all over your video screenshots like you said? lol
1	hotty toddy!!!
1	Oh it is, but leave it to Microsoft to pull it off 
1	That's what I'm thinking   Especially since we gots all the stuff here to make one   Free food FTW :-D
0	becue i have been texting you ricky and u dont text me back anymore...
1	I had a mental image conjured up of it. So true!
1	What's wrong?
1	come have fun with us on twitter - study later
1	LOL my friends hubby plays as dies my next door neighbour he goes up the loft
1	lol.. i like this one
1	no i go home on monday.. my mum's coming with me for a few days
1	<) ) ) ) ) ) ) ) ) ) ) ) ) ) ) ) () ~ ~ ~ Take a puffy puff of my twitter blunt and keep it in roation
0	hey hey hey...i miss you man
0	I only drink when I'm incredibly depressed.  One of my friends likes to drink. And when she drinks, she talks about politics 
1	awww, you are so sweet 
1	sorry i thought i said thank u
0	well im working a lot in Loughborough, so I get to stay here and party (probably with myself cos no-one else is here  )
1	you are welcome lol... it is good  yummy.. I save some for you...
1	yup I am at it again hahhahahahaha need my morning fun ya know
1	I'm sure he was, he's the most phenomenal DJ on earth. 
0	Your breakfast sounds better than mine  Another nutrigrain bar. Eggs sound good. Then I have to work.
0	It's so hard to call your hotline. Some people are already calling even if you didn't cue.
1	- yeah I saw on your blog that you like football! Who do you support?  aww, thanks so much! (am smiling. lol)
1	i gotta add walter payton, mike ditka, charles barkley, and scottie pippen to ur list tho lol 
0	My condolences on your loss
0	Oops! you're right! Our bad
0	 im busy towing my car home for the mechanic tomorrow.
0	Mine does work... Just needs and mot, tax and insurance.... Bugger!! 
1	It was such a pleasure meeting you last evening! Me moving from tech to aviation and you the other way round is fun
0	aha erica made me move  how much gb usage a month do you have?
1	out the front of robina town centre, the 24/7 drive thruu 
1	Richard it's okay really, you have a while to practice darling 
1	 Can't imagine only 9 minutes a day on Twitter - guess we're not average either-we're like you !
0	  aww tears might be karma!! but hope it all works out
1	im reading The Miracle Worker its a play but after that in goin to read the Host
1	I get paid by the minute, so 1153hrs will be 48hrs worked this week exactly and what I invoice 
0	Me! But first I want an iPhone  #tweetdeck #iphone
1	Well having chatted to a mutual friend I can't see anyway for you not to get an iPhone
1	hahaha, I won't turn it down  But totally giving you three pounds in a few weeks if I can remember to bring them 
0	I was introduced through the TV show but after reading the books made the TV show seem very inaccurate.
1	will tweet on it if my friends who go will send me stuff to tweet about.
1	beat Arsenal 2-1 in case you missed it
1	You should have a Twitter contest for dish names then you create a dish to suit them.  Could be fun!
1	my weekend was fine - just went by much too quickly...as usual  ~~  now I gotta gear up for a wk of work (bleah!)
1	Love your new book! Had a lot of insights.  Let me ask: What is it that makes your products & services so irresistable?
1	not played KotOR so can't comment, I would agree the game is a bit superficial in places though. Story is excellent. 
0	Baltic is good (Baltic has free WiFi) - v disappointed that Laing and even new Hancock dont
0	I'm a bit grumpy!! Got immersed in a site so was distracted  - and I *still* havent made the coffee yet
0	that's a feat even for you! You are def cooking them for me next year, as i will be cooker-less in college 
1	that makes me feel a little better  I just really want to go to this restaurant, so I figured might as well do it now!
1	This the April Fools story? Congrats again, it was an excellent piece 
1	 ni dans TweetDeck d'ailleurs
1	Hello Richard ! 2 heures ! On sera lï¿½ pour tes cafï¿½s
0	ahhhhh! Screw the petrol gods. I wanna seeeeee yoooooooou
0	well he says he has, and bacause of his overwhelming awe of you he won't give it to us 
0	I have to wait till I get home tonight
1	no. it is too big. I'm quite happy with the Kindle2.
1	Can I have a splodge of ketchup on mine please?!
1	come share ma pop corn
0	I'm just going for the day, wish it was back to Cambs for good LOL, I don't like it here 
1	Morning - just off to work, but was worried bout your tooth - how is it this lovely morning? 
0	same thing has happened to me
0	thanks for the heads up!
0	you're not a chelsea fan are you?
1	Money is money. doesnt matter how u get it, it all spends! 
0	Haha, APs always sound like they'll pack a punch, and then it's just iced tea + lemonade 
1	Typical that you, my darling, have an iphone! (Just checked out twitterrific to see how you were uploading messages). Glad ur 
1	(message from Trudy)  Hi Riddick!  Cold here2!  I just hope I get some dandelions and rose petals today, and some heat 
1	hihi... dont escape. Me love being captive.hihi... I eat insects... also small lizards and very small birds.
1	So now we can say iPhone is not ideal
1	Yeah, I'm liking it. Love the name too 
1	Never trust a SatNav! Yeah, we were really lucky. Haha. I'll upload the vids from your set in the next couple of days 
0	thanx i appreciate it but my ass is on tha "slave ship" 2day
0	Hey man! Sorry I never checked my twitter Sat... just got home in SD  Maybe next time
0	it's up to you, though i don't like the place much just now. It's all very negative and full of annoying people. 
0	me too  Wimbly must be the only slam without the interactive draw
1	Hey there is one tweetup which and others have organized I guess. The other one is on 9th by
1	Love that toast! Reminds me of college fun... Happy weekend to you
1	very welcome
1	hi hon! let me know how much peppermint fly spray you need. it is cheaper by the gallon refill
1	Haha ok whenever arcs are available let me know please
0	hey margrett, favor to ask u pwease...it's re: the RG final that i missed  <3
1	yeah jolly good luck with that Rippblock
0	iya nih rid... tiba2 sedih banget aja td mlm
1	happy birthday from elaine & i
1	Still can't get over our sleepover! Here's to more! HUG!
0	Katie offers a virtual hug! seems like u need it
0	OH MY FREAKING GOD I HATE YOU
1	bacon shoots out of my eyes sometimes...lmao
1	no probs man  well my fav apple product will be my Iphone, it is my life saver  yourself?
1	how was your abitur? what marks did you got? I got 13 in Phy and in sozi but i fucked up math with 9  but still got 1,6 
1	Imagine doing that for 3 days! I ache ALL over  But I keep going non-stop. Pinkpop is awesome.
0	also, the horror started at 9:00AM and lasted for 3 hours. 
0	This Gerard's? Looks like "private parties only" on Sundays.  http://www.gerardsplacedc.net/pages/reservations.html
1	Thanks for the shoutout Riff! Keep up the good work!
1	Cool, Sarp!  What did you say?
1	Get 100 followers a day using www.tweeterfollow.com Once you add everyone you are on the train or pay vip
1	That is super epic awful. GO SHOPPING!
1	I hope you slept well! I'm working along at the radio station already
1	....pass the dutchie on de left on side....
1	 Hope your day is great!
0	Smallville withdrawal!!!!! I am with you.
1	thanks for the vote of confidence from the gallery.
1	so wanted a new DX  excuses excuses...
1	That sounds about right! But the food does sound good
0	my wireless on my compter is fried!  http://myloc.me/2aYF
1	Brandon Hunt, you've sent the most amusing auto translated mail ever to 
1	thanks sister! I will be sure to drink some water. Keep up the awesome work
0	Nevermind, it's only for the ragedy Storm  Mad they sent me that and I can't use it!
1	Aye! Indeed. Hope Sir Arthur is well.
1	yep thats the one  Billy has done a great job! Can't wait to see it
0	ummmm, who wasn't invited? 
0	Outlook not so good
1	Am watching d same thing
0	any amount of bucks is right now big for me.. coz i'm no better than a bankrupt right now..
0	Close to 1700 Kms from SION.  . Will opt for something more jaipuri
1	nobody can make you feel inferior, but it's easy to make you look inferior. ask me 
1	Take that back. I am insulted.
1	Saw your promo on The Soup & immediately set my DVR to record Web Soup!
0	wish I could watch, The Faber/Brown fight is tonight though  #websoup
1	you always say the cutest things! This noodle blossom is blushing  And, how are you, my glitter pony?
0	Going crap. Lots of letters saying thanks but no thanks. Very scary time. Too many people going for same jobs
0	I am genuinely disappointed on your behalf.
0	I do not agree with you
1	soooorrry!
1	Now, what on earth led you to believe that?  
0	dead last cuz i have no retweets.
1	love it man (The Astronotes Track). Thanks for sharing
1	 ec wins this time
1	~ could i help?  ~disclaimer: i'm against abortin though.
0	I dunno...just don't feel right today.
0	I think they're good at delivering to businesses, but lousy at residential, but I don't get to choose who the shipper uses. 
0	I wasn't being sarcastic. It really is awesome! Gawrsh.
0	Oh ho ho! And what kind of nerd would you like me to be? Still doesn't work for me, btw. 
1	Dunno. I just suggested an artist. You pick the song
0	lol well haha shutter life is long lasting uuntil it dies haha  and your welcom'd awsome person yous : D
0	I know!! I hate it! I want my DJ DANGER bck
1	bI'm fine thanks and no thanks for following me
1	Emimen, 50Cent, FloRida, X-Zibit and rock lil bit Metro Station & i love Miley Cyrus.  whats about you?
1	Priorities are right, laptop and iPhone dock next to bed 
1	That's so cute!
1	it rains all the time in seattle josh!! duh!
0	Tesco don't seem to do it anymore  Had to settle for smartie ice cream, milky way ice cream and mango&b/currant sorbet
1	you are the consumate geek sir, thank you 
1	lol!! yes today WAS spose to be a very productive day for me! ohhhh very pretty TBE shirt! i should get one for the concert
1	"Turn up... the Ray-dee-oh...  #KCON" â™« http://blip.fm/~7ds0g
0	I'm kidding, ew I am going to miss you  , I'll be expecting my postcard ;D & pic's (ahem) ;) LOL
0	I took her to the vet, but they couldn't do anything for her.  
0	Well fuck me hard, I've never been told to stop cursing by the curse bot. I feel kinda let down. 
1	Just seven days ^^ wahahahaha NERVOUS?
1	You're Welcome
1	haha  how bout ill get Sabrina to respond!
1	Wish granted Check out the [as] Community Pool http://bit.ly/NRs68
1	G'nite and sweet dreams
0	Oh that is so sexy!! I have a Western Digital one
1	....and yes Stephen Fry is the host
0	someone need to explain to e what #followfriday is..  I feel really stupid
0	why are you leaving me
1	Hey, we're interested in promotion 2 
1	I sent you an email  via the contact form
1	ohh. alright  I really do love your fansite. keep up the good work
1	hello  i like you're music so much. my favourite song is Disturbia pretty cool. ^^ greets from Switzerland
1	 - â€œFresh HS grad girls on 1st day of college.â€? â€“ OMG, you are such a guy 
1	I do that!
1	You are very wise! Like a fortune cookie... but much prettier! And that's saying a lot! Because, fortune cookies are beautiful! 
1	haha!  what are you up to?
1	Sooooul Traaaain. Old School ST was really great. I should have appreciated it more. Congrats on your 500th tweet.
1	looky looky the piccy
0	i know  ahhhh i know me tooo!!!
0	its okay. Life will go on i hope
0	its winter here. yup! exam period.
0	ooooooooh!!  why does your stomach hurt? xxxxx
0	is callin ma gl'asses the devil
0	i haven't got any to do nothing that's so bad  i hate sundays
1	thanks for sharing the tweet
1	Happy Monday to you, Joe!   I'm still wondering whatever possessed me to come back from Italy! LOL  
1	If it's any consolation I do know of ONE person that's had no problems with Vista at all!
1	Make-or-break time for space station research http://tr.im/mSfn Comments?
1	Sent you a DM re: hold-out dilemma.
1	 Thank u soo much for such a supportive words man..so cute of u
0	yeah, i get random adds by twitter bots 
0	Yeah, I love their music so much, but unfortunately IÂ´ll be in England that time 
1	Mmm! Make me some too?
0	wish we had a storm to get threw. Cali dosent see much rain.
1	next to the post they sent you there is a star and right under the star is a lil swirly arrow....that arrow is the sign
0	ooh, me too.... just woke up lol - don't even feel like drinking my wine now 
1	I've just replied to the e-mail you sent me in - *cough* - February. I did sort of have an excuse, which I've explained. 
0	stupid having-to-stay-iside revision
1	LOL..  I'll dig out an electronic version of the 'geordie dictionary'....  confuses me when i read it!!
1	The problem with that is when does it stop? Symbols are not valid Twitter usernames
0	are you being paid by apple to make me want to buy one!?!? Can't afford it
0	I would speak to my Dad but I would need the help of a Medium.
0	no, but I believe a lot of iPhone users will miss out on this feature by installing protective film covers on the screen 
1	Oh yeah, I think he'd like them. But he'd still prefer building the thing himself 
1	huh? DM to me? Pleaseeeeee anytime  how's work today?
1	Yeah pretty much. We have mostly fiber and 25mb connections all around.
0	Bugger where you off to then? Wasn't sure if this was the real you at first now got to find you all over again
0	finish at 5  8 hours, 1 hour on a friday and black.
0	oh you love it, you poor dear 
0	Someone has! Its nice, works well, except O2 haven't turned on the mms yet 
1	first cork match ever...... must be a lucky mascot.... laura not too happy
1	Good choice
1	He said you'd be dressed as a carrot - is that true?!
0	hope youre right! Horrible feeling they'll leave her to perform last so shes the one every1s remembering when voting opens
0	I had a hamster that died from shitting it's stomach out
0	opens mouth to make devastingly witty comment ... Come on brain - Bruno Homebase Strimmer .. Nope got nothing
1	yeah i'd agree with you there
1	You are allowed to over eat on your Birthday!
1	I wonder why!!!!!
1	 i am gonna watch angels and demons. and watch formula 1
0	Bust at COLLEGE, 2 finals on a Saturday morning  Ruins an untimely trip to the mountains.
1	Having a muffin,I logged on to twitter to find you following me.What brilliant timing!Thank you, oh magnificent muffinoso 
1	Virtual #muffin arriving soon. Enjoy CT
1	welcome back! suggest a nice warm muffin to keep bad weather blues away.
0	this is y i should be in texas  ima look up the closest frenchy's right now
1	Good point. There's enough trash in the Internet
0	Oh, now that's just messed up. 
1	im good too. just watching csi before i go to bed!  it's pretty late here :\
1	yay I'll dedicate my #485 tweet to you!
1	You should stay for the weekend and have fun in Sthlm
0	i agree completely rikki! u should at least get a follow out of this! i cant believe u hurt ur ankle. 
0	i know, that was why i said sowwy. 
1	u too, nurse that battle wound of yours!  &hearts
1	I like that name  I need to find a name for my charrie. I'll do that now D;
0	i miss you also little darling
1	All this cuteness makes me all warm inside go give your bro a hug & a noogie for me!
0	not too hard i hope, we have the rest of our lives to work hard, take the summer off!! lol. CVing and job hunting is NOT fun 
0	summer awesome thus far. just really obsessing over results. not really about what i get, but i just want to know nooooow 
0	I got Enterprise. Still waiting for Voyager   Rent s2 then
0	I watch in youtube, or online  is airing in japan, tv tokyo i think, all mondays
1	Late hug! The excuse being that I was playing Castlevania...
0	I installed Win7 version & it worked fine at 1st. But one of the recent updates killed it  sure they will fix soon. may be just me
0	Left shoulder.... sigh! And no climbing for me for awhile.
0	OW! Glad your shoulder is better. Must have taken a long time to heal, though. 
1	thank you for following back. the smell of wrecking is good in afternoon and evening too.
0	because he cancelled on me  Had to take a trailer to HMB. Swore up and down he was sorry and that we'll go out when I get back.
1	I am a vegetarian
0	I wanted rileyh, but it was taken.  
0	Can't go, not old enough but maybe I'll walk up and down the block until the set is over.  Miss u guys  that's like 1am right
0	eww u have to work??? on saturday
1	I'm going to unfollow you when you hit 200.
0	!!! You got me into that show and I love it, but I haven't watched the season finale yet, so thanks for that 
1	I'm at magnolia near pass ... Any ideas for lunch? Need to cash a check then let's meet up grub and schedule some labwork!
0	awww  i kinda just like, saw it and im like  nooooooo. its sad, he was SO nice
1	As a player who enjoys both parts of the game, I can't but disagree  Either way, Engi always was the PvP prof.
0	awesome idea but I can't see them going for it, plus dual specs mean you would need 2 sets of tier gear like other classes do 
0	I loooove JoW. â™¥ So please don't kill me.
0	of course!  Sorry you couldn't go though
1	Heya  I'm fine thanks  wuu2 today? xxx
1	oh yes.  more than well. and at you?
1	thank you so much for helping!!!!!
1	tnx 4 the follow!
0	miss u too. I miss the afternoon hugs with u
1	hey tom if your up in front of your Mac then go chec your youtube shareed videos
1	you really need to go on the tower of terror at Ca adventure and space mnt. At disney land
1	I have mixed feelings about it, too. Hard to pick, since presumably EVERYONE who follow is worthwhile 
0	 we had a fantastic summer day here.but the next few days are going to be cold and rainy too. *sighs*
0	Nope! Stop harrassing Jon.. Haha. If they follow u nope u can't send a DM
0	upset bout not seein Transformers 2 yet.
1	haha no. I'm a junior still unfortunately.
1	omg i neeed that! so funny but so cool!
0	i keep getting the "sold out" note too
1	Oh yes, I knew that. See my lulzy digg submission about it here: http://is.gd/Q2Ls ROFLMAO August 2006! 
1	I didnt sell it  I meant the phone i wanted to buy was sold off  Found a second hand v3 (same as mine) but awesome condition.
1	awww thats you!
0	I can't make it to Kristina's, 
1	all your clothes are biggy now that you shrank
0	nawl I'm not going my grandparents here
1	nothing's really cool about it, it's just a time sync like most other social media things 
1	told me that they where mine
1	Thanks for tip, however they aren't RW. Re-writeable DVD's come in handy when you backup your Xbox games for instance 
0	i kinda wish he could have had the same in uk  but i do think it went even better that i tought it would be...
1	ohmygosh! did i read correctly? :O it's finished rendering?? :O wow! woot!
0	 Well bye Nessie
1	hmmm i dunno who this person is xD bahahaha. Have a good night lovey...i'll ttyl  x
0	oh daymn dont u just hate that?! My awesomeness (like me. Lol) ones died-they had epic bass  now im stuck with shitty ipod ones.
1	im kidding  xox
1	I totally did  Doubt. I'll miss you just that little bit more  Oh. Yay. a surprise T_T  Loveyou.
0	: Awww, that sucks!  Yes! It was AMAZING! Both hilarious and SO sad! Right after it I thought of it as the best ep so far.. ever!
1	7 hours until we see Gaga live!
1	, its going to be so much fun I cant wait, 
1	l will be able to see you soon, so I can tell you more in person, 
0	And if it's truly financial, I'll b kinda pissed. Not like they couldn't afford it 4 the greater good of the fans. 
0	And parts of US 2! Pretty impressive, I'd say. Pissing off 1 whole continent, and parts of another! 
1	Lol yes you will  it's brilliant!
0	yes sorry, I ran out one of the colours and didnt get it til the other week 
0	why are u all alone?
1	V?a cï¿½n m?c 800/day t?i qua
0	the 31st is the last day they are open.  Tonight is the last overnight they will be open.  they are going out of business
0	guess what.. jocelyn's hurt her leg & is on crutches
1	hahaha! oh, yes. i think i will try and consider it  thanks for the info.
1	wa iyyakum my friend, i'm so glad you like them 
0	I have the update from VZN.  Got it without an issue.  It's pretty snappy.  MAKE SURE YOU DO A BACK UP FIRST!  I didn't.
1	yes, I'm indie  I will be glad to send tracks-new stuff in just a couple weeks! Congrats on the launch! Keep me posted!
1	I want to see the slide show, too!  Luv u! ;)
1	: e th?y blog ss kï¿½a
0	Supposed to be horrible here Wednesday onwards  boo! So maxing up the sun now
1	Absolutely. Hence I said  "if u want Amer car"
1	anytime  i'll tell him eventually when im a bit less scared of his reaction lol
1	I have heard that from a few people. I hope u are all right!
0	I just realised that #unfollowfakerparis might be too longï¿½  It needs to be 16 char. or less, I thinkï¿½
1	loves more
1	I've already lost 2 umbrella's so far this winter. And it's just started.
0	omg  do u ok  i'm worried, my sis !_!
0	LOL me too! What mobile do u have - I want a blackberry! I just bought a treadmill tho so might have to wait for a new ph
0	hehe. do you do it twice? i do  hahaha.
1	your page is loading fine
1	Ha estat un plaer haverte conegut
1	you don't want your guest to linger do you
0	 Yeah want to go to Julliard but I can't afford it!!!! http://twitpic.com/4h5k1
1	heheheh yesss come over if you can get away from your family  or just tomorrow or monday. it will still be here!
0	Happy Birthday!! And whyy?  You should add me on aim: Azelauskas ;)
0	no this isnt the 1  im lookin for the 1 i wish i could f* all the girls in the world sumthin like that
1	I did not!  I can get lots of sleep starting Wednesday evening!    Well, hope to see ya today 
1	huh.  Linux hates flash.  support is there, but doesn't work really too well for me.  Maybe someday I'll play again.  Thanks 
0	sadly I think will win as I am leaving the computer.
0	I already miss those days of overanalyzing all those kinky works of literature.
0	glad u feel like cooking I'm so tired
1	- Thanks Dave - just sharing all the great friends & info on Twitter!
0	AGH I MISS YOU TOO.
0	rin i have to wait until 2011 to watch daniel craig in tintin & bond 23
0	U haz a point. But, Jared needs to be kept out of this 1. More PR coming from that asshat, they don't need. 
0	 its 72 here
0	no more mcdonalds allowed
1	LOL!! ha its not big enough D: twitter me another 50?  ha jk. but seriously its too small LOL! but thx for giving me food
1	cinnamon bread good call ! am thinking of that as a mid afternoon snack ! nice one
1	Good to see Lance riding - took it safe TdF baby!
0	I always get that  haha
0	 i'm sorry bb. Are you going to be able to at least talks to the midget today?
1	But you're awake!
0	Hows the knee.  Steven mentioned that you had gotten hurt
0	my first batch died from overheating. Only 1 survived  but i'm growing as second batch...hope I have better luck!
0	you were there??? I was so gooooooone
1	change your twitter password and they can't access it
0	Well at least you got the checkbook back? I know, cold comfort. 
1	cute, cute, cute!!!! Good morning! 
1	Yeah, no pave paws here, we just have to deal with Canadians who refuse to run PL   They think PL means Please Leave
1	just put the and his name in the screen above , because you can't reply to him yet ! But he should get this  Lets hope , haha
1	 I'm pretty good thanks. Feeling the after effects of an 'I've done absolutely nothing today' day though. Had a good day?
1	And whores... Can't forget the whores!
0	are you already playing?  I'll see if I can invite you, not sure I have any invites though 
1	good mornin'
1	Good morning Miss Nessie ;) thanks, and yes ... everything allright 
1	hey!  its evening here bytheway lol
0	Hush, it was a lucky goal 
1	i know .at least 1 more to gang up with against boys.lol
0	lol. Well I am a lightweight. I've all but stopped drinking!  Xx
1	'Morning to u!! it's late afternoon here!
0	Oh. Works for me.
1	thanks 4 da follow
1	Well done for reaching over 1,100 followers....U are so popular!lol And i've signed up as a follower,i was supposed to wait! 
1	woohoo, good friday for you then 
1	you watchin BB later?
1	you are so lucky.  
0	I wish you were here with me right now
1	Nothing really... just reading a book ,and looking for a quil... like always *sigh*  i keep my hopes up  *laugh*
0	Yeah. Evil !  I know.
1	how do i report?will block tell big bro.hes on here at mo.lol
0	not anymore!  Xx
0	think it's over here babe
0	vettel is going to catch button.
1	BACK!  Missed you more, munchkin! 
1	ohh , I'm from indonesia too but i live in german  , geradee  brp?
0	: "My life's gonna be more complicated than it used to be my dear  exam's coming! Kamu kamu?"
0	I actually thought of keeping indiegames.com posts down to 140 chars as well, but I don't think it'd go down well with others. 
1	haha yepperz  follow my new twitter it's just
0	 why havent you been sleeping well?
1	but good luck for those last two
1	I dont think you'd ever like to see the inside of my head. Good luck with the other paper.
1	Keep going! And good luck, dear.  I know I keep saying that... XD But I mean it. 
0	 My word processor doesnt work. So I have to type this crap in a stupid email.
1	currently boca centre, but might be on the move to miami- little more lively down there, highly recommend both centre's 
1	oo yeah I know. they really deserve it.
0	but IRC is soooo goood!
0	I would if I had it Ryan
1	ok. I got sf4 but i'll have to practice first...unless you want to teach me
1	good luck with your finals, Ava! 
1	HA! thats cause we have no life
1	Sounds Fun!
1	aww jeannie i love you too! lmao.
1	 so depends on the partner really
1	Dude, at this rate I'm going to be cumming right here in my office 
0	haha i was so frustrated i just looked it up. thanks, i was freaking out about that. and i still think you like coberst more 
0	I should!! But I haz none available  tomorrow I'll make some lipton soup!
1	oh very nice, very nice choices. that rules 
0	the only guy on the dancefloor old enough to remember that tune the second time around
1	My guess is "how" was by deleting 42  deliberate Douglas Adams subversion?
0	thanks for the reminders, but I gotsta work. 
1	i do! cepetan lulus! klo g DO! emang masih mau ngurusin skripsi? bukannya nambah duit, malah buang duit. is that entertaining? 
1	oh don't even tease!!
1	21/02/02 on my left wrist, 29/02/04 on my right. then a rocket going up my ribs 
0	twitter noob here, what's a hash tag  i'll follow your lead.
1	me as usual ... I'm a sysadmin on Gentoo-only network 
1	life is good. Don't say that
1	Dont worry fellah!  its truly LOVELY to hear!   SO EXCITED about next week... who am i kidding.. terrified!
0	I wish I could go, but it's just not financially feasible 
1	glad to hear it, though your prob the only one. 
1	 I'm glad you enjoyed your 1st NZSF Con , it would have been good to be there and to meet y'all maybe some other event then 
1	I may entertain myself with Terminator Salvation soon.  I don't have time to watch Up today, maybe for my bday? 
1	Your report on Prince Harry was very good, Please give John King a little bit of your energy! You can go home now! 
1	looking for a book? I recommend "Passion". By me
0	yes but our house is not in a rentable condition an having worked for not much 4 the church 4 couple of yrs can't afford to
1	 did you here that lol!
0	I'm sorry I ate ur doughnut
1	Love it   I will have them post to our super blog list - http://bit.ly/cNpN3
1	Tell me more about the 1460 Norwgeian mortage on Scotland. Never heard of it. -curious Norwegain
0	check out clashfinder  http://bit.ly/ThqTr incase any bands clash... which some do with me
1	Fair enough! I just feel I lead a boring life and have nothing to say.
1	havent listened to it yet, i am just about to get it off  i'm going to listen to it as i revise, well in
1	never mind! catch up soon
1	300AW ain't a bad bag, I have one a year now, it'll just about fit a 400D/grip and a 70-200 2.8...just about 
0	yeah i'm not feeling the best either
0	oh dearyâ€¦ am not up with all your fine viewing richard  first herpes now thisâ€¦
0	Jeesh!  You go on the SJBC ride when I can't be there!!
1	  "piratkopia" (pirate copy) is Swedish for "bootleg" or any illegal reproduced digital media.Wonder if PirateBay knew...
0	I Would Cry Sooo Much If My Mom Got Alzimers
1	you, my dear, are a legend  last night was a lot of fun...paid for it today though. sherry = ouch.
1	"Two chicks at the same time"
0	I didn't post before the deadline, but I was part right. I thought, green trees, park, iron fence. No iron fence, though. 
0	link doesn't work???
1	Thank you. Just in the right time to take on holiday. should i put a picture of it on a vision board and stare at it
1	You are mentioned on a Dutch news site with the experiment   Well done!
1	you're getting some good coverage http://tinyurl.com/m7qtqu
1	Yes Hello :   I'm sorry you and I didn't have a chance to talk at #LPV7  Next time I hope ?
0	I hope Roger is not going to run into same kind of troubles like Tiger! I was hoping they would win the 15th slam together!
0	Oh no I only know Rainy Days and Mondays...
0	That was kinda rude! But im used to that from you...
1	I'll come with
1	the surgery yesterday went very well doctors surprised he survived with the heart he had  but he still in the waiting list!!
1	congratulations!!!!
1	Nice lip gloss  Did you have a nice day with Paula? Thanks for the photos.
1	Cool  Them's good odds.
0	I'm mad I didnt get to c u
1	i like that quote
1	Thanks Yan Yan  How's things with you? Busy?
1	awesome  thank you!
1	 Well being on Twitter is almost like showbisiness LOL
1	You're welcome, good luck with the #tech support today. Hope you don't have to repeat yourself more than 5 times today. lol 
1	Aproveiteeeeeeeeeeeeeeeee!!
1	iyaa . gk kyk biasanyaa . coment sngkat,padat,jls gtuu . geje bgt . hhe 'kyk marshanda' gtu doank kn ? hahaha 
1	haha i'll tell you later
1	hayy thanks yaa for follow me
1	Hi! How have you been?
0	nooooooooooooooooooooooooooooooooo                                            i love youuuuuuuuuu
0	- Hah, don't I know about those. I'm sorry. 
0	- My sleep was fitful. If nothing else, I'd have liked more of it. 
1	Haha, Pï¿½K! YAY  But dont blame it on CB! they're Riri's pics! But yeah she looks hot  But Cassie's hotter!
1	WTF? You love him? That song was RUBBISH! And they didnt deserve at all! They sucked! But I like the irishgirl  She was cute
0	 BOO  thats so frustrating!! i recorded a video earlier that has no sound for some reason, whats up with that cameras?!
1	aww, thanks for the plug on your june update video!! 
1	do you like the rain, too?  I love rainstorms and fresh wind.  Nature is amazing 
0	I still can't find your sale on there
0	I was just there mon! Sad I missed you.  Are you talking about Alicia? she's the only person I can think of that looks leesha-ish.
1	http://twitpic.com/6sm73 - I'am extremely jealous.
0	http://twitpic.com/7vl9w - I want to see Rise Against, I'm from MÃ©xico 
0	sading for you  just don't care
0	why did i have to miss your show?
0	just touched my penis
1	 i waited 3 months for it. also, hope you kicked off your "summrah time" w/ some pina co lalas whitney houston style.
1	LOL. That would be double homicide I guess  Imma kick his balls if he does. IF he does.
1	i know, its just something thats puzzled me a bit, lol. Hows your study going? gl on your exams bb 
0	you lucky sod. What sort of speed do you get? Mines capped at 512 though it shouldn't be
1	it means you need to water the plant
1	no worries! baby c is good. altho he's starting his cranky hour now.
1	  I try....
0	AMEN to that.. grrr.. sooo angry..
1	awww.. how u meet.. may i ask? its sweet u've found a someone to be happy with.. congrats.. <3
0	IYAAAA AMIIN AMIN Weee iya kmrn  ga ntn guee. Lo ntn ris?
1	It is, you should ahead and run those laps around the Big Chicken that you've been wanting to do for a while, ya know? 
1	oh I can dig that its nice though and definiitely shining somethin serious on camera
1	omg risky scared of that rock on ya hand BALLINNNNNNN.... lol,but wow somebody looks married 
1	Ur welcome girl keep doing your thing!!! I hope you win charm school
0	You never write back babe.... my feelings are hurt
1	Already got mine yesterday!  We love you guys more!!
0	aww wish i couldve been there  well next time for sure!
1	Cali love you guys too  Btw, Lakers freakin crushed it today haha.
1	happy last day in LA  we'll miss youuu
1	HOLLER AT ME MICHEAL!
0	i can't come  we'll party virtually?
0	i couldn't meet you guys last night cause some random guy started yelling at me about how i couldn't stand there.  haha
0	i have a new mission for you. ready for this? a PPP... in Washington DC...not at Pinkberry (we don't have it here  ) BUT,
0	i want to meet you!!!  please please please come to the uk  xxx
0	I wish I could have gone! I live to far away though!
1	i wish i was in dallas. My bffs are landing there soon for a layover to arizona
0	i would...but you guys have no concerts near me.
1	i'm thinkin you HAVE to party in norcal
0	michael bruno!! nice rap skills to Kayne. Just saw a video from tonight. wish i could have been there
1	Michael youre awesome (: but you never reply, but i stil love ya  come to Puerto Rico again please! 
0	Must you gents always drive right through the OC without stopping for a visit? Makes me feel like you don't love us.
1	Tickets=bought  See you this summer. bound to be crushmazing.
1	what time?????
0	You did??? That is so amazing Michael. Im so proud of you guys. Miss you
0	You guys should do your acostic performance at 5! I have a championship meet tomorrow that won't end til then.  -Cami
1	ooh and dont forget to download that song for the plane!
0	Sadly enough, I can think of a few that are equally creepy...  
0	of course, I'm driving to Redford from Kzoo right now 
0	you finally decided to update ? haven't seen you in a long time
0	ehh i couldn't learn those ill stick to my bio note cards, you were missed last night  tons of gossip i can't wait to tell you!
1	Oooh, how exciting! That idea just made my day 
0	minging headache all day and work is dragging!
1	hey hey sweetie!  how are you
0	lol I can't help it chonga! I light tight pony tails
1	God, that is geeky.  
0	Yeah  Saturday night telly makes me sad.
1	A trip...to Philly! We're having such an amazing day! Wish you were here
1	yah!! yah!! i love that, too. 
1	 it's hot weather
0	It's cuz I don't have kids huh?! Your going to isolate me out now.
0	blah blah. Basketball blah blah. Is it football time yet?!?!
1	god damn gurl u got that s curve in ya back. get at me. (bi) chick lols
1	yup, chilling in Spain 
1	wish your lil one a happy birthday for me
0	nestor!! You're  up right now. Hi, I miss you 
0	agh...it's the worst Blair. it'll be a year in November and who know when they're coming back down to LA
0	WOHHOOOO. pages 52 finished neyyy!!! 2 pages more, and tartuffe is waiting 
1	oh bye!eat well ..lol
1	welcome to twitter, best! 
1	I wouldn't bet on it...
0	DMI says Rain/showers + 15-20C for #CG09 I'm afraid
0	the point is, neither of them really knew what it was. hahah. nothing is open. lots of festivals and beer. you should be here. 
1	no luck with the 'nappes 3' ?
1	Get 100 followers a day using www.tweeteradder.com Once you add everyone you are on the train or pay vip
1	We agree, black needs to go. 
0	I want to upgrade because I'm out of space on my 8GB 3G
1	armchair cheerleader!  You? (Don't pull the gender card either)
1	cool SA Wins this time  What say ??
1	haha.. yeah.. right
1	very pure voice...very emotional...but why is the sound so soft this time :o...Can't see you post it on discuss
1	you are welcome^^always look forward to your songs
0	May have played last NBA game.  The guy is huge. Too many foot fractures. Start worrying about the Denver boyz.
1	Are you as excited as I am about tomorrow...  Why am I going to work?
0	nothing yet
0	Would midweek be an option? Otherwise Dan says first gathering will be going over this stuff. What's the conflict for Sat?
1	GOD I AM RUDE!!!!!!!!! How are YOU doing?? How was YOUR day??? Not all about ME... sometimes I need a kick in the head!  lol
0	still nope
1	no doubt   I love the seemingly random stats.  I'm going to have to incorporate that "26%" into a presentation somewhere.
1	why limit your story to 140 ch. Tell all what is annoying you at www.iamsoannoyed.com
0	WTF?! Why does she have to wait 10 days?
1	and they clapped
1	Just wanted to make sure ur ok!!
0	Because the person i was asking said that my low end laptop doesn't meet the systems requiremt for Sims 3
1	"just twit" is a great motto..thanks! see you around
1	all women are experts when it comes to picking clothes, specifically for themselves! 
0	ya netra.. me too.. my main issue is i wrk saturdays too so fridays r usually late night  ...m watching hritik roshan on tv ..he he
1	oh cool, thanks. 
0	man..i've seen that foolishness several times unfortunately
1	and by emptied, you mean eaten, right? 
1	Add one more item to your yard work to-do list: share picture of your hard work.
1	hot  i am 15... perfect, babe <3<3 tell me secrets bout shaunie-baby, thats fun 
1	haha if anything I made u worse
1	that's what she said?
1	over 7K now...   Well, then if it's not broken, don't fix it!  Keep on "talking"  - and having fun too.
1	You're Fly, it has to be! The beat screams SUMMER 
0	i don't think i'll be here.  i will be in nashville.
1	really good ) lots of fun. we all went to the pool today and i am burnt.. lol. i'm going to bed. night
1	You've suffering Farve withdraw, to the point of finding other QB unicorns to chase.  Brilliant!  
1	what make some money? Hihi are you sure?
0	Can't wait to read what you're writing now. Just finished Storm Born.
0	Can we please not talk about that please?! I don't think I can handle that fact yet
0	lol yea it got her wet huh.... I wish i could sing
0	haha yes! I didnt like the ending!  I literally was waiting for it self to rewind and have another ending  but no...
1	good morning to you to
1	 CHAMPAGNE please
0	lol I meant to write tues, pak tues da day b4. Listeennnn its erlyyy 4 my brain 2 function proeperly. 
1	cool! I wish i had an iPhone too
0	yes!! nadal lost against soderling, he never loses at roland  ivanovic & verdasco are out too laters
1	Funnily enough, the recent Burnout Paradise 360 patch was about 900meg whereas the PS3 patch was under 200! 
1	You'll want to follow for a start
0	mmm... My Emperor impression doesn't come across well on twitter  http://bit.ly/11n2uf
1	that is up to you...and the universe to decide, besides it's one more person on this thing, better than none 
0	i havent seen you in like a day or two.. thats too long
1	justin longg is hottt.   http://myloc.me/29v8
1	 I love you
1	http://twitpic.com/4fdlt - It looks lovely - a big mouthful of nuts!
1	you may find yourself sleeping in the leaky tent at new day Richard!!
1	Mr Rich goes to Washington
1	nice tom tweet you
1	Those are reasons to be cheerful Mr. Richie,  1,2 & 3 
0	We can expect more of that txt speak when the txt message levy comes in
1	Gave one to my sis and mam  He didn't tell me they were in the bag, only noticed when i got home  Legend 
1	oooooo how manly, that would have got me all excited 
1	Take pictures.
1	I need to move back...I feel my sarcasm is lost on you lately? No long now!! Yay!
0	Yeah.  I threw up a couple of days in a row.  Not a very fun sickness   Haha.
1	Rogers was good to me while I was with them, but no, I was laughing at you having to *go* to work again. 
0	boo that sux im sorry...
0	Because my head is pounding....This advil is just not working...
0	it stinks too
1	nothing doesn't pass you does it lol... SICK...  X
0	I know, right?! and for once I wish they'd just let Justin be happy 
1	 It's a pleasure Rita, Not necessary to tell them. Hospital will explain lol 
1	that too.  Apparently, they are out there - but in hiding I suspect  
1	YEAH! I don't speak inglish
0	Small3y is . And brother has it over my grans  so it COD4 for me, dont really like 5. /Smalley
1	Get 100 followers a day using www.tweeteradder.com Once you add everyone you are on the train or pay vip
0	some stupid hater obviously.. > it might be cause they didnt have permission to use single ladies or sumit :S
0	Do I give you great things?
0	u love ur dogs don't u...!! jenny Jaaan...!! XD nah no rain... but September I am commin....!! will miss ur BDAY like evry time
0	 http://bit.ly/179jxS But gotta wiat till next week  btw...you from Mumbai itself?
1	http://twitpic.com/6rhnm - Nice!
1	ur awesome!!!
0	you will be happy to know i am wearing my NK hat u gave me   <~*msnanette*~>
1	Better yet, could you eat some mortar from between the bricks on the house?  That would feel so right 
0	i knoeeeeeeeeeeeeeeeeeeeeeeeeee lmaoooooooooooooooooooo us 3 just went ova waysss ,  i misss dem days thouuuuu sis
1	possibly by august but for sure by december!!!!!  IM SO HAPPY HOW ABOUT YOU??
1	Good luck this week! I know you'll handle it with grace
0	yes - it has put a damper on us "getting to know" Georgetown! Instead he is watching tv and I am catching up on invoices.
0	yeah, actually the problem is w/ pc not my speaker argh crap! krik krik bgt tanpa suara  nunggu dibetulin sm kk gw ntar
1	Thanks...we actually got a clarification from Bungie on just that a few minutes ago.
1	Haha. Well I have more but I don't have to do anything but file the rest away or delete them.
1	My hair is falling out too only because I'm getting old. J/k I will be 33 in August  You can't sleep now Indy and drag racing!
0	That is a heck of a snack. Beer and candy!  I wish I had some. I am out of both
0	Wish you still had the dress Sian is wearing in stock.
1	Everything is a bit better already!! Firs official replay with my dear MacBook Pro
0	oh shit isn't it poker night at your place tonite? I'm fighting zombiedeath  it lurks in thee shadowsssssss
1	you know it
0	No txt msg yet, I dropped my fone & cracked tha screen  Ima get a new one today & you'll b FIRST on my 'TO TEXT LIST' Lol
0	Usually that helps me as well, just the coughing is what keeps me up and it's so bad I keep choking from it 
0	Actually DC. 3 hours of sleep and gray rainy weather
1	you got it
1	LOL...I'm on strike til u come back!
1	welcome back
1	thank you and God Bless you and your family! I'm from TN too!
0	Reboot requested - I can't get in to have a look antil that's done
0	Oh no!!! That's not good .....          The lake will be so sad without our boat on it!
0	nothing is no longer edible? that just sounds weird to me tho  *brain jumble*
0	you weren't. I was giddy when I saw the game and was heartbroken when I found out it wasn't Gatchaman/Battle of the Planets.
0	yo how was saturday with out me
1	  so this is your picture I guess    http://bit.ly/3G9fK
1	Welcome to Twitter World... It's about time..
0	ima good person, should they not follow me?? 
1	thats the way to tweet more  Crib & complain and fogetting to compliment.
0	I'm totally impressed by your song choice, but sadly the link doesn't work 
1	no no... pfchangs for lunch...
1	congrats dudes
1	haha. thanks!
1	i care  only if u take me for a drive soon lol
0	awww bugger wont let me tweet in multiple lines
1	thanks! Send me a dm with your email and I'll add you to my friends invite.  gnight!
1	cool. he is full of good info.
1	http://unhub.com/FSuD from a little while ago - chapeau a la creme or perhaps au vin? None this weekend tho
1	8 daysss!!!!  can't wait baby!
0	Yeah I know, I have it on my computer, unfortunately Raphael was born the year after the guy in my essay died 
1	RE: Shopping...the lack of money after all that shopping will definitely make me ill in the short term
0	http://twitpic.com/690os - if this is what you look like...i can no longer be your friend....sorry
0	I CANT BELIEVE YOU ARE MOCKING YOUR OWN FATHER! Poor Timmy
1	though, well he's like a big brother  - always friendly and supportive.
0	awww sounds miserable  Hope you are feeling better this morning xxx
0	omg i miss the glee club so much ... me and stu used to go to the cardiff one all the time!!
0	thanks chem!! And the update is out, but I think it was overrated. Still no picture texts!!! 
1	Hey Rich! Thanks for following me
0	I feel for you. It is so waring and draining
0	aah cas is a bit out of the way beer might have to do though sadly  either that or vodka lol
0	yeah i ordered it- but it hasnt come yet  hopefully it will tomo tho!! :s
1	Thanks for the kind words!
0	but....but i have everything planned out already!
0	that looks really nice, esp the variables and mixins... shame it seems to be for ruby only 
1	When I delete them it's usually to correct some horrendous spelling or grammar mistake.  Which does happen.
1	Well.. obviously! lol
0	fucckkkk!! im not gonna be able to get those days off!! another year..no atl
0	thats not me
1	just let me no so i can buy a babyshower gift
1	Is that tweet followers thing real? I desperatly need followers, LMAO I'm new to this twitter stuff  My page is BOR-ING!!
0	I tried Anonymous Pro for coding - conclusion: it's awful  ... still prefer Monaco. Liked its boldface though.
1	 Good morning although it's 1323 hrs here
1	Welcome aboard sir, and congrats on the Cup Final win 
0	oh I dunno then
1	nope, Joya!! and my girlies...girls night out!  
1	well i hope your prediction is right on the money Mr. Fox  haha
1	yeah, they're kinda strict here about driving the right way on the one-way streets. 
1	You always get pulled over
1	crazy cat lady!
0	 I can't watch - it says the max  # of viewers has been reached!!
0	I called the fox hotline and they said they HOPE to have the problem fixed next week.... I hope so too
1	lol yeah..sleep with snorers..2 legger and some 4 leggers. Sounds dead as wood in there..might be safe to turn in.
0	Morning! Oh wow. I'm so sorry to hear about your friend and customer.
0	What? I'm sorry!
1	You ROCK! Thanks for taking the time to check out my site & the horse folks. Hey, I wear manure on a daily basis, don't you 
1	LOVE starbucks, wish I could afford it! Get the old violin out........... 
1	- Insomnia.   It's awesome for work and for being awake when everyone else is sleeping but Twitter gets quiet(er).
0	unfortunately not a virtual event. They have these events in several cities, but not in Colorado 
0	- it's not just you, sir.  
1	Amen! (via // verily verily
0	INTENSE. That's almost creepy. But maybe we should use that instead of WWJD.  I'm doing one semesters worth of homework
0	didn't get to set it owt..
1	so, how do we see an excerpt of "Cash in a flash" (and your marketing skills!) 
1	Thanks for the mention of WeboWord. Hoping you did check it out and liked it too!
0	he's gone. I'm missed out on the pic
0	I don't know; I haven't had (or made) time to really play it yet!
1	How bout some Kenny Chesney Dont Happen Twice for Katie O and I  please famous friend
1	Thanks again, so much! 
1	I think you meant to say it certainly wasn't my Twittiest.
0	jim shearer!?!
1	Atreus was my first and will give you a sense of what I do. Then you'll know if you want more  WILL is very different though
1	 oh ok   i soo want it, and would you know why my sims2 graphics is shit on the window vista
1	aw thank you  xxxxxxxxx
0	bored and in da middle of exams
1	heya  you okay?
1	i am very real hun lol xxx
0	i know poor me
0	i would if i could!! i have a hair appoitment at 1:20  xo
1	im doing a crossword on jellybeans and its confusing me
1	it's good a very good one to dance to
0	no i have a sore head and feel sick
1	Oh really she sounds nice  Haha!
1	thanks.  will do when i get around to writing it...haha.
0	were r u, u havent been o all morning im boreed 
0	it seems like the only thing i'm getting accomplished is eating..
0	I want to try one of her recipes, the easiest one, LOL. I'm not much of a cook 
1	thanks for the reminder  I promise not to let this make me crazy!
1	I think I know what this refers to.... and, if so, CONGRATULATIONS! If not, well... enjoy dinner with 
0	hey man f u! i hate this
1	Well, its a 32bit cap. Not a vista cap. Sounds like you're a little far in but 64 bit vista would get you that extra 300MB 
0	methinks not. haha. shift+delete on a PC? no way.  lol.
1	Suree.. Beulah & Alyosha.
0	maybe next here, very limited resources & peeps in tech to help out 
0	yes no #Lost until next year  was another shocking episode.
0	Cool! I would love to attend a Game's Midnight launch atleast once :S The game is good.. but its ultra expensive here
1	haven't watch it yet. Belum sempat aja.
0	but that dont mean you can call me matilda
1	thx uda follow..... slam knal yup ok
0	thanks ki ...
1	hey riz ! Follow me please !
0	bloody cold and windy day  I almost thought I was in England ><
0	LETS GOOO! Work at 6 though
1	at brunch now, so anytime 
0	Im jealous! They're sold out everywhere around me. Gotta wait a week.
0	he's retiring from the tonight show  im so bummed. he was awesome ha. AND CONGRATS MY DEAR
1	yes, you should have. well with my teacher anyway ha. hope so. and hope you have fun if you go  and about 10-11 years
0	Anytime, at least you could go out, i'm stuck inside with broken toes + revision.  
1	**correction: NOW it does agaain   twitter was mad at me, but it got over it. haahha
0	In South Carolina, you came to Greenville awhile ago and them FOOLS were acting STUPID for the 2nd show & you left 
0	yes sir! let's connect after lunch - rick rick rick (not rich, sorry 
0	The Pic doesn't work!
0	Touch Pro 2 looks better... but how long do i wait with a phone that's falling apart and often crashing.
1	isn't that hard? weird part was-strange blessing w/my ex prior adultery and beating me-tried to shove Jesus down my throat
0	was having a bad day at work
0	No one is feeding you as you sit back and count your money? Poor rick
1	Now that would have been shocking to all of them  S
1	TY for that wonderful #followfriday bro
1	very nice! nice of you to support those underdogs too!
0	 feel for you hun. Try to remember the good times with him & celebrate those memories. xxx
0	awww alone for real  who was in first
1	Yeah it was great to catch up in person.   Will answer you asap.
0	I miss you
0	hug, pedicure, a massage and ten years 
1	LMFAO! wooow but thanks for the followw too babes
0	ha yeah i know thing is i went to blacpoll on sunday and he made me turn ur cd off and sing wheels on the bus instead
1	Did you like Amelia Bedelia growing up?  Your comics are so her kind of humor...the stuff my girls love!!! SO literal!
1	Don't look at me like that Mr. Rick
1	enjoy feel that air, watch the sky and say hello to the hills for me 
1	I'll have to remember you're dyslexic next time
1	Just don't drink in the way back. Can get busted for that too.
1	sweet pic!! looks like is going to launch soon. can't wait for the update
1	ESPECIALLY not diet coke!  still, I'd love to get my hands on it and try to integrate it into a project to see what it can do.
0	am not needed for counting now, they have enough volunteers! No cash for me 
0	Have no idea...I did a few interviews here for the news and they called me to ask  the results..i didn't know what to say.
1	not really sure  It will come to me
1	haha, I like you more and more every second. 
1	I was at St. Theresa-gorgeous- for wknd but am back home now. Put your bberry away and enjoy time with your family!
0	reckon I'll be in your camp re transformers as I couldn't even sit through the first one
0	Same thing happened to me... I was looking forward to going and everything
1	Ch?c Agi ko ?i xem show ?ï¿½m nay. Cï¿½n Rick?
0	Still been rainy  Supposed to be a couple more days of it. So no chance to go yet. Sometime this week b4 I need more air LOL
1	cool! i plan to watch it on imax. $6.50 is not bad, tix costs just the same here in phils when it's imax. 
1	thanks! u with fam right now? say hi and hello to everyone there.
0	hahha I don't do drugs though
0	i don't know what half of that means
1	i was just thinking the same thing! haha howdy!
0	damn that sucks  my best friend and i have the same birthday and it just takes away from me time, i sound shallow, oh well.
0	I missed two.  Of course, I could have Googled them, but I wanted to impress myself with my knowledge. Didn't work...
1	Good morning, wrinkle! 
0	Is Dublin/Ireland that expensive? Me paying around 3 ï¿½ for a small beer in Amsterdam. D*amned expensive ï¿½ prices everywhere!
1	Yes, a new start of a (work) week can be heavy! So, remember the nice moments of London you both had!!! Helps perhaps a bit! 
0	i'm so sorry to hear that. My thoughts go with you and your family. What a tough thing.
0	Afraid I can't make it, sucks 
0	I can't make it either
0	3 weeks! Eeeeek   Can't wait till commencement.. but I dont want it to end
1	Hey Ravin, could you please upload some photos of your new house? Thanks! 
0	yes it seems thats all i do
0	You lucky bastard.  I've got to use SVN heavily every day.
1	Definitely will do!
1	you are not weird-looking and neither is your ass
1	Ha ha, aw shucks! Have fun , catch you later 
0	TYVM. It really does bring tears to my eyes just thinking about all the suffering she goes through.
0	Tell me about it. I get to spend saturday night doing css.
1	At least it won't ruin your hair. I know how important these things are to you
0	damnit, Robbie. I was trying to sleep. The earth had to go and wake me up. 
0	 I wish you strength tomorrow.
1	That is one way of putting it.
1	I went to the Oregon coast yesterday! Have fun at the Cali coast this afternoon!
0	hahah i know my friend almost peer pressured me to watch it last night...  i get ridiculously scared of scary movies
1	It's tuesday
0	: ?ï¿½y **chï¿½a chï¿½a** t? nhiï¿½n mï¿½. nh?ng mï¿½ cï¿½ l?i lï¿½m sao th?
0	hey bud why didn't you come say bye to me. I found out u were gone and a sad face appeared on me
0	nope and I am having wonky sensitivity issues
0	it's sooooo over
1	thanks for adv my stream, sorry my twitterific app wasn't working is all good now 
1	Thanks for the #followfriday.
0	Thats not good.
1	Im good thanks! Chilled day! Ledge replied after my comment to you!  H/e felt i'd be too cheeky asking for a follow too ;)
0	I'm up because my 3 year old son told me to be!  ...like he does everyday!
1	sorry was trying to be lol and didn't work, apologies, no offense intended 
0	as it seems like a cover up. why would you avoid the media if you victoriously won? sounds like Bush all over again
0	as sad as the killing of the doc is, what is even sadder is the fact there will other docs willing to do his job 
1	that's freakin awesome!!!
1	tnx tnx!! haha ikaw rin goodluck with college... tc rin diyan sa japan (ryt?)... haha  shucks.... senior... :\
0	What why do you say that?
1	don't cryyyy!!
0	I don't even know what I would do if my computer crashed  Which reminds me, I'm overdue for a backup on my external HD.
1	BROTHER!!! That's one of the dopest compliments ever in life. Cheers bruv!
1	lol the picture. & if you go to Tokyo im sure you could find people to go with hence and  hahaha.
1	 Good one!
1	My Sunday is smooth too! yay, for smooth Sunday!!! 
